id,name,iso_code_3,iso_code_2,numeric_code,phone_code,capital,currency_code,native_name,nationality,latitude,longitude,flag
AF,Afghanistan,AFG,AF,004,93,Kabul,AFN,Ø§ÙØºØ§Ù†Ø³ØªØ§Ù†,Afghan,33.00000000,65.00000000,ğŸ‡¦ğŸ‡«
AX,"Aland Islands",ALA,AX,248,358,Mariehamn,EUR,Ã…land,"Aland Island",60.11666700,19.90000000,ğŸ‡¦ğŸ‡½
AL,Albania,ALB,AL,008,355,Tirana,ALL,ShqipÃ«ria,"Albanian ",41.00000000,20.00000000,ğŸ‡¦ğŸ‡±
DZ,Algeria,DZA,DZ,012,213,Algiers,DZD,Ø§Ù„Ø¬Ø²Ø§Ø¦Ø±,Algerian,28.00000000,3.00000000,ğŸ‡©ğŸ‡¿
AS,"American Samoa",ASM,AS,016,1,"Pago Pago",USD,"American Samoa","American Samoan",-14.33333333,-170.00000000,ğŸ‡¦ğŸ‡¸
AD,Andorra,AND,AD,020,376,"Andorra la Vella",EUR,Andorra,Andorran,42.50000000,1.50000000,ğŸ‡¦ğŸ‡©
AO,Angola,AGO,AO,024,244,Luanda,AOA,Angola,Angolan,-12.50000000,18.50000000,ğŸ‡¦ğŸ‡´
AI,Anguilla,AIA,AI,660,1,"The Valley",XCD,Anguilla,Anguillan,18.25000000,-63.16666666,ğŸ‡¦ğŸ‡®
AQ,Antarctica,ATA,AQ,010,672,,"",Antarctica,Antarctic,-74.65000000,4.48000000,ğŸ‡¦ğŸ‡¶
AG,"Antigua And Barbuda",ATG,AG,028,1,"St. John's",XCD,"Antigua and Barbuda","Antiguan or Barbudan",17.05000000,-61.80000000,ğŸ‡¦ğŸ‡¬
AR,Argentina,ARG,AR,032,54,"Buenos Aires",ARS,Argentina,Argentine,-34.00000000,-64.00000000,ğŸ‡¦ğŸ‡·
AM,Armenia,ARM,AM,051,374,Yerevan,AMD,Õ€Õ¡ÕµÕ¡Õ½Õ¿Õ¡Õ¶,Armenian,40.00000000,45.00000000,ğŸ‡¦ğŸ‡²
AW,Aruba,ABW,AW,533,297,Oranjestad,AWG,Aruba,Aruban,12.50000000,-69.96666666,ğŸ‡¦ğŸ‡¼
AU,Australia,AUS,AU,036,61,Canberra,AUD,Australia,Australian,-27.00000000,133.00000000,ğŸ‡¦ğŸ‡º
AT,Austria,AUT,AT,040,43,Vienna,EUR,Ã–sterreich,Austrian,47.33333333,13.33333333,ğŸ‡¦ğŸ‡¹
AZ,Azerbaijan,AZE,AZ,031,994,Baku,AZN,AzÉ™rbaycan,"Azerbaijani, Azeri",40.50000000,47.50000000,ğŸ‡¦ğŸ‡¿
BH,Bahrain,BHR,BH,048,973,Manama,BHD,â€Ø§Ù„Ø¨Ø­Ø±ÙŠÙ†,Bahraini,26.00000000,50.55000000,ğŸ‡§ğŸ‡­
BD,Bangladesh,BGD,BD,050,880,Dhaka,BDT,Bangladesh,Bangladeshi,24.00000000,90.00000000,ğŸ‡§ğŸ‡©
BB,Barbados,BRB,BB,052,1,Bridgetown,BBD,Barbados,Barbadian,13.16666666,-59.53333333,ğŸ‡§ğŸ‡§
BY,Belarus,BLR,BY,112,375,Minsk,BYN,Ğ‘ĞµĞ»Ğ°Ñ€ÑƒÌÑÑŒ,Belarusian,53.00000000,28.00000000,ğŸ‡§ğŸ‡¾
BE,Belgium,BEL,BE,056,32,Brussels,EUR,BelgiÃ«,Belgian,50.83333333,4.00000000,ğŸ‡§ğŸ‡ª
BZ,Belize,BLZ,BZ,084,501,Belmopan,BZD,Belize,Belizean,17.25000000,-88.75000000,ğŸ‡§ğŸ‡¿
BJ,Benin,BEN,BJ,204,229,Porto-Novo,XOF,BÃ©nin,"Beninese, Beninois",9.50000000,2.25000000,ğŸ‡§ğŸ‡¯
BM,Bermuda,BMU,BM,060,1,Hamilton,BMD,Bermuda,"Bermudian, Bermudan",32.33333333,-64.75000000,ğŸ‡§ğŸ‡²
BT,Bhutan,BTN,BT,064,975,Thimphu,BTN,Ê¼brug-yul,Bhutanese,27.50000000,90.50000000,ğŸ‡§ğŸ‡¹
BO,Bolivia,BOL,BO,068,591,Sucre,BOB,Bolivia,Bolivian,-17.00000000,-65.00000000,ğŸ‡§ğŸ‡´
BQ,"Bonaire, Sint Eustatius and Saba",BES,BQ,535,599,Kralendijk,USD,"Caribisch Nederland",Bonaire,12.15000000,-68.26666700,ğŸ‡§ğŸ‡¶
BA,"Bosnia and Herzegovina",BIH,BA,070,387,Sarajevo,BAM,"Bosna i Hercegovina","Bosnian or Herzegovinian",44.00000000,18.00000000,ğŸ‡§ğŸ‡¦
BW,Botswana,BWA,BW,072,267,Gaborone,BWP,Botswana,"Motswana, Botswanan",-22.00000000,24.00000000,ğŸ‡§ğŸ‡¼
BV,"Bouvet Island",BVT,BV,074,55,,NOK,BouvetÃ¸ya,"Bouvet Island",-54.43333333,3.40000000,ğŸ‡§ğŸ‡»
BR,Brazil,BRA,BR,076,55,Brasilia,BRL,Brasil,Brazilian,-10.00000000,-55.00000000,ğŸ‡§ğŸ‡·
IO,"British Indian Ocean Territory",IOT,IO,086,246,"Diego Garcia",USD,"British Indian Ocean Territory",BIOT,-6.00000000,71.50000000,ğŸ‡®ğŸ‡´
BN,Brunei,BRN,BN,096,673,"Bandar Seri Begawan",BND,"Negara Brunei Darussalam",Bruneian,4.50000000,114.66666666,ğŸ‡§ğŸ‡³
BG,Bulgaria,BGR,BG,100,359,Sofia,BGN,Ğ‘ÑŠĞ»Ğ³Ğ°Ñ€Ğ¸Ñ,Bulgarian,43.00000000,25.00000000,ğŸ‡§ğŸ‡¬
BF,"Burkina Faso",BFA,BF,854,226,Ouagadougou,XOF,"Burkina Faso",Burkinabe,13.00000000,-2.00000000,ğŸ‡§ğŸ‡«
BI,Burundi,BDI,BI,108,257,Bujumbura,BIF,Burundi,Burundian,-3.50000000,30.00000000,ğŸ‡§ğŸ‡®
KH,Cambodia,KHM,KH,116,855,"Phnom Penh",KHR,KÃ¢mpÅ­chÃ©a,Cambodian,13.00000000,105.00000000,ğŸ‡°ğŸ‡­
CM,Cameroon,CMR,CM,120,237,Yaounde,XAF,Cameroon,Cameroonian,6.00000000,12.00000000,ğŸ‡¨ğŸ‡²
CA,Canada,CAN,CA,124,1,Ottawa,CAD,Canada,Canadian,60.00000000,-95.00000000,ğŸ‡¨ğŸ‡¦
CV,"Cape Verde",CPV,CV,132,238,Praia,CVE,"Cabo Verde",Verdean,16.00000000,-24.00000000,ğŸ‡¨ğŸ‡»
KY,"Cayman Islands",CYM,KY,136,1,"George Town",KYD,"Cayman Islands",Caymanian,19.50000000,-80.50000000,ğŸ‡°ğŸ‡¾
CF,"Central African Republic",CAF,CF,140,236,Bangui,XAF,"KÃ¶dÃ¶rÃ¶sÃªse tÃ® BÃªafrÃ®ka","Central African",7.00000000,21.00000000,ğŸ‡¨ğŸ‡«
TD,Chad,TCD,TD,148,235,N'Djamena,XAF,Tchad,Chadian,15.00000000,19.00000000,ğŸ‡¹ğŸ‡©
CL,Chile,CHL,CL,152,56,Santiago,CLP,Chile,Chilean,-30.00000000,-71.00000000,ğŸ‡¨ğŸ‡±
CN,China,CHN,CN,156,86,Beijing,CNY,ä¸­å›½,Chinese,35.00000000,105.00000000,ğŸ‡¨ğŸ‡³
CX,"Christmas Island",CXR,CX,162,61,"Flying Fish Cove",AUD,"Christmas Island","Christmas Island",-10.50000000,105.66666666,ğŸ‡¨ğŸ‡½
CC,"Cocos (Keeling) Islands",CCK,CC,166,61,"West Island",AUD,"Cocos (Keeling) Islands","Cocos Island",-12.50000000,96.83333333,ğŸ‡¨ğŸ‡¨
CO,Colombia,COL,CO,170,57,BogotÃ¡,COP,Colombia,Colombian,4.00000000,-72.00000000,ğŸ‡¨ğŸ‡´
KM,Comoros,COM,KM,174,269,Moroni,KMF,Komori,"Comoran, Comorian",-12.16666666,44.25000000,ğŸ‡°ğŸ‡²
CG,Congo,COG,CG,178,242,Brazzaville,XAF,"RÃ©publique du Congo",Congolese,-1.00000000,15.00000000,ğŸ‡¨ğŸ‡¬
CK,"Cook Islands",COK,CK,184,682,Avarua,NZD,"Cook Islands","Cook Island",-21.23333333,-159.76666666,ğŸ‡¨ğŸ‡°
CR,"Costa Rica",CRI,CR,188,506,"San Jose",CRC,"Costa Rica","Costa Rican",10.00000000,-84.00000000,ğŸ‡¨ğŸ‡·
CI,"Cote D'Ivoire (Ivory Coast)",CIV,CI,384,225,Yamoussoukro,XOF,,Ivorian,8.00000000,-5.00000000,ğŸ‡¨ğŸ‡®
HR,Croatia,HRV,HR,191,385,Zagreb,HRK,Hrvatska,Croatian,45.16666666,15.50000000,ğŸ‡­ğŸ‡·
CU,Cuba,CUB,CU,192,53,Havana,CUP,Cuba,Cuban,21.50000000,-80.00000000,ğŸ‡¨ğŸ‡º
CW,CuraÃ§ao,CUW,CW,531,599,Willemstad,ANG,CuraÃ§ao,Curacaoan,12.11666700,-68.93333300,ğŸ‡¨ğŸ‡¼
CY,Cyprus,CYP,CY,196,357,Nicosia,EUR,ÎšÏÏ€ÏÎ¿Ï‚,Cypriot,35.00000000,33.00000000,ğŸ‡¨ğŸ‡¾
CZ,"Czech Republic",CZE,CZ,203,420,Prague,CZK,"ÄŒeskÃ¡ republika",Czech,49.75000000,15.50000000,ğŸ‡¨ğŸ‡¿
CD,"Democratic Republic of the Congo",COD,CD,180,243,Kinshasa,CDF,"RÃ©publique dÃ©mocratique du Congo",Congolese,0.00000000,25.00000000,ğŸ‡¨ğŸ‡©
DK,Denmark,DNK,DK,208,45,Copenhagen,DKK,Danmark,Danish,56.00000000,10.00000000,ğŸ‡©ğŸ‡°
DJ,Djibouti,DJI,DJ,262,253,Djibouti,DJF,Djibouti,Djiboutian,11.50000000,43.00000000,ğŸ‡©ğŸ‡¯
DM,Dominica,DMA,DM,212,1,Roseau,XCD,Dominica,Dominican,15.41666666,-61.33333333,ğŸ‡©ğŸ‡²
DO,"Dominican Republic",DOM,DO,214,1,"Santo Domingo",DOP,"RepÃºblica Dominicana",Dominican,19.00000000,-70.66666666,ğŸ‡©ğŸ‡´
TL,"East Timor",TLS,TL,626,670,Dili,USD,Timor-Leste,Timorese,-8.83333333,125.91666666,ğŸ‡¹ğŸ‡±
EC,Ecuador,ECU,EC,218,593,Quito,USD,Ecuador,Ecuadorian,-2.00000000,-77.50000000,ğŸ‡ªğŸ‡¨
EG,Egypt,EGY,EG,818,20,Cairo,EGP,Ù…ØµØ±â€,Egyptian,27.00000000,30.00000000,ğŸ‡ªğŸ‡¬
SV,"El Salvador",SLV,SV,222,503,"San Salvador",USD,"El Salvador",Salvadoran,13.83333333,-88.91666666,ğŸ‡¸ğŸ‡»
GQ,"Equatorial Guinea",GNQ,GQ,226,240,Malabo,XAF,"Guinea Ecuatorial","Equatorial Guinean, Equatoguinean",2.00000000,10.00000000,ğŸ‡¬ğŸ‡¶
ER,Eritrea,ERI,ER,232,291,Asmara,ERN,áŠ¤áˆ­á‰µáˆ«,Eritrean,15.00000000,39.00000000,ğŸ‡ªğŸ‡·
EE,Estonia,EST,EE,233,372,Tallinn,EUR,Eesti,Estonian,59.00000000,26.00000000,ğŸ‡ªğŸ‡ª
ET,Ethiopia,ETH,ET,231,251,"Addis Ababa",ETB,áŠ¢á‰µá‹®áŒµá‹«,Ethiopian,8.00000000,38.00000000,ğŸ‡ªğŸ‡¹
FK,"Falkland Islands",FLK,FK,238,500,Stanley,FKP,"Falkland Islands","Falkland Island",-51.75000000,-59.00000000,ğŸ‡«ğŸ‡°
FO,"Faroe Islands",FRO,FO,234,298,Torshavn,DKK,FÃ¸royar,Faroese,62.00000000,-7.00000000,ğŸ‡«ğŸ‡´
FJ,"Fiji Islands",FJI,FJ,242,679,Suva,FJD,Fiji,Fijian,-18.00000000,175.00000000,ğŸ‡«ğŸ‡¯
FI,Finland,FIN,FI,246,358,Helsinki,EUR,Suomi,Finnish,64.00000000,26.00000000,ğŸ‡«ğŸ‡®
FR,France,FRA,FR,250,33,Paris,EUR,France,French,46.00000000,2.00000000,ğŸ‡«ğŸ‡·
GF,"French Guiana",GUF,GF,254,594,Cayenne,EUR,"Guyane franÃ§aise","French Guianese",4.00000000,-53.00000000,ğŸ‡¬ğŸ‡«
PF,"French Polynesia",PYF,PF,258,689,Papeete,XPF,"PolynÃ©sie franÃ§aise","French Polynesia",-15.00000000,-140.00000000,ğŸ‡µğŸ‡«
TF,"French Southern Territories",ATF,TF,260,262,Port-aux-Francais,EUR,"Territoire des Terres australes et antarctiques fr","French Southern Territories",-49.25000000,69.16700000,ğŸ‡¹ğŸ‡«
GA,Gabon,GAB,GA,266,241,Libreville,XAF,Gabon,Gabonese,-1.00000000,11.75000000,ğŸ‡¬ğŸ‡¦
GM,The Gambia,GMB,GM,270,220,Banjul,GMD,Gambia,Gambian,13.46666666,-16.56666666,ğŸ‡¬ğŸ‡²
GE,Georgia,GEO,GE,268,995,Tbilisi,GEL,áƒ¡áƒáƒ¥áƒáƒ áƒ—áƒ•áƒ”áƒšáƒ,Georgian,42.00000000,43.50000000,ğŸ‡¬ğŸ‡ª
DE,Germany,DEU,DE,276,49,Berlin,EUR,Deutschland,German,51.00000000,9.00000000,ğŸ‡©ğŸ‡ª
GH,Ghana,GHA,GH,288,233,Accra,GHS,Ghana,Ghanaian,8.00000000,-2.00000000,ğŸ‡¬ğŸ‡­
GI,Gibraltar,GIB,GI,292,350,Gibraltar,GIP,Gibraltar,Gibraltar,36.13333333,-5.35000000,ğŸ‡¬ğŸ‡®
GR,Greece,GRC,GR,300,30,Athens,EUR,Î•Î»Î»Î¬Î´Î±,"Greek, Hellenic",39.00000000,22.00000000,ğŸ‡¬ğŸ‡·
GL,Greenland,GRL,GL,304,299,Nuuk,DKK,"Kalaallit Nunaat",Greenlandic,72.00000000,-40.00000000,ğŸ‡¬ğŸ‡±
GD,Grenada,GRD,GD,308,1,"St. George's",XCD,Grenada,Grenadian,12.11666666,-61.66666666,ğŸ‡¬ğŸ‡©
GP,Guadeloupe,GLP,GP,312,590,Basse-Terre,EUR,Guadeloupe,Guadeloupe,16.25000000,-61.58333300,ğŸ‡¬ğŸ‡µ
GU,Guam,GUM,GU,316,1,Hagatna,USD,Guam,"Guamanian, Guambat",13.46666666,144.78333333,ğŸ‡¬ğŸ‡º
GT,Guatemala,GTM,GT,320,502,"Guatemala City",GTQ,Guatemala,Guatemalan,15.50000000,-90.25000000,ğŸ‡¬ğŸ‡¹
GG,"Guernsey and Alderney",GGY,GG,831,44,"St Peter Port",GBP,Guernsey,"Channel Island",49.46666666,-2.58333333,ğŸ‡¬ğŸ‡¬
GN,Guinea,GIN,GN,324,224,Conakry,GNF,GuinÃ©e,Guinean,11.00000000,-10.00000000,ğŸ‡¬ğŸ‡³
GW,Guinea-Bissau,GNB,GW,624,245,Bissau,XOF,GuinÃ©-Bissau,Bissau-Guinean,12.00000000,-15.00000000,ğŸ‡¬ğŸ‡¼
GY,Guyana,GUY,GY,328,592,Georgetown,GYD,Guyana,Guyanese,5.00000000,-59.00000000,ğŸ‡¬ğŸ‡¾
HT,Haiti,HTI,HT,332,509,Port-au-Prince,HTG,HaÃ¯ti,Haitian,19.00000000,-72.41666666,ğŸ‡­ğŸ‡¹
HM,"Heard Island and McDonald Islands",HMD,HM,334,672,,AUD,"Heard Island and McDonald Islands","Heard Island or McDonald Islands",-53.10000000,72.51666666,ğŸ‡­ğŸ‡²
HN,Honduras,HND,HN,340,504,Tegucigalpa,HNL,Honduras,Honduran,15.00000000,-86.50000000,ğŸ‡­ğŸ‡³
HK,"Hong Kong S.A.R.",HKG,HK,344,852,"Hong Kong",HKD,é¦™æ¸¯,"Hong Kong, Hong Kongese",22.25000000,114.16666666,ğŸ‡­ğŸ‡°
HU,Hungary,HUN,HU,348,36,Budapest,HUF,MagyarorszÃ¡g,"Hungarian, Magyar",47.00000000,20.00000000,ğŸ‡­ğŸ‡º
IS,Iceland,ISL,IS,352,354,Reykjavik,ISK,Ãsland,Icelandic,65.00000000,-18.00000000,ğŸ‡®ğŸ‡¸
IN,India,IND,IN,356,91,"New Delhi",INR,à¤­à¤¾à¤°à¤¤,Indian,20.00000000,77.00000000,ğŸ‡®ğŸ‡³
ID,Indonesia,IDN,ID,360,62,Jakarta,IDR,Indonesia,Indonesian,-5.00000000,120.00000000,ğŸ‡®ğŸ‡©
IR,Iran,IRN,IR,364,98,Tehran,IRR,Ø§ÛŒØ±Ø§Ù†,"Iranian, Persian",32.00000000,53.00000000,ğŸ‡®ğŸ‡·
IQ,Iraq,IRQ,IQ,368,964,Baghdad,IQD,Ø§Ù„Ø¹Ø±Ø§Ù‚,Iraqi,33.00000000,44.00000000,ğŸ‡®ğŸ‡¶
IE,Ireland,IRL,IE,372,353,Dublin,EUR,Ã‰ire,Irish,53.00000000,-8.00000000,ğŸ‡®ğŸ‡ª
IL,Israel,ISR,IL,376,972,Jerusalem,ILS,×™Ö´×©Ö°×‚×¨Ö¸×Öµ×œ,Israeli,31.50000000,34.75000000,ğŸ‡®ğŸ‡±
IT,Italy,ITA,IT,380,39,Rome,EUR,Italia,Italian,42.83333333,12.83333333,ğŸ‡®ğŸ‡¹
JM,Jamaica,JAM,JM,388,1,Kingston,JMD,Jamaica,Jamaican,18.25000000,-77.50000000,ğŸ‡¯ğŸ‡²
JP,Japan,JPN,JP,392,81,Tokyo,JPY,æ—¥æœ¬,Japanese,36.00000000,138.00000000,ğŸ‡¯ğŸ‡µ
JE,Jersey,JEY,JE,832,44,"Saint Helier",GBP,Jersey,"Channel Island",49.25000000,-2.16666666,ğŸ‡¯ğŸ‡ª
JO,Jordan,JOR,JO,400,962,Amman,JOD,Ø§Ù„Ø£Ø±Ø¯Ù†,Jordanian,31.00000000,36.00000000,ğŸ‡¯ğŸ‡´
KZ,Kazakhstan,KAZ,KZ,398,7,Astana,KZT,ÒšĞ°Ğ·Ğ°Ò›ÑÑ‚Ğ°Ğ½,"Kazakhstani, Kazakh",48.00000000,68.00000000,ğŸ‡°ğŸ‡¿
KE,Kenya,KEN,KE,404,254,Nairobi,KES,Kenya,Kenyan,1.00000000,38.00000000,ğŸ‡°ğŸ‡ª
KI,Kiribati,KIR,KI,296,686,Tarawa,AUD,Kiribati,I-Kiribati,1.41666666,173.00000000,ğŸ‡°ğŸ‡®
XK,Kosovo,XKX,XK,926,383,Pristina,EUR,"Republika e KosovÃ«s","Kosovar, Kosovan",42.56129090,20.34030350,ğŸ‡½ğŸ‡°
KW,Kuwait,KWT,KW,414,965,"Kuwait City",KWD,Ø§Ù„ÙƒÙˆÙŠØª,Kuwaiti,29.50000000,45.75000000,ğŸ‡°ğŸ‡¼
KG,Kyrgyzstan,KGZ,KG,417,996,Bishkek,KGS,ĞšÑ‹Ñ€Ğ³Ñ‹Ğ·ÑÑ‚Ğ°Ğ½,"Kyrgyzstani, Kyrgyz, Kirgiz, Kirghiz",41.00000000,75.00000000,ğŸ‡°ğŸ‡¬
LA,Laos,LAO,LA,418,856,Vientiane,LAK,àºªàº›àº›àº¥àº²àº§,"Lao, Laotian",18.00000000,105.00000000,ğŸ‡±ğŸ‡¦
LV,Latvia,LVA,LV,428,371,Riga,EUR,Latvija,Latvian,57.00000000,25.00000000,ğŸ‡±ğŸ‡»
LB,Lebanon,LBN,LB,422,961,Beirut,LBP,Ù„Ø¨Ù†Ø§Ù†,Lebanese,33.83333333,35.83333333,ğŸ‡±ğŸ‡§
LS,Lesotho,LSO,LS,426,266,Maseru,LSL,Lesotho,Basotho,-29.50000000,28.50000000,ğŸ‡±ğŸ‡¸
LR,Liberia,LBR,LR,430,231,Monrovia,LRD,Liberia,Liberian,6.50000000,-9.50000000,ğŸ‡±ğŸ‡·
LY,Libya,LBY,LY,434,218,Tripolis,LYD,â€Ù„ÙŠØ¨ÙŠØ§,Libyan,25.00000000,17.00000000,ğŸ‡±ğŸ‡¾
LI,Liechtenstein,LIE,LI,438,423,Vaduz,CHF,Liechtenstein,Liechtenstein,47.26666666,9.53333333,ğŸ‡±ğŸ‡®
LT,Lithuania,LTU,LT,440,370,Vilnius,EUR,Lietuva,Lithuanian,56.00000000,24.00000000,ğŸ‡±ğŸ‡¹
LU,Luxembourg,LUX,LU,442,352,Luxembourg,EUR,Luxembourg,"Luxembourg, Luxembourgish",49.75000000,6.16666666,ğŸ‡±ğŸ‡º
MO,"Macau S.A.R.",MAC,MO,446,853,Macao,MOP,æ¾³é–€,"Macanese, Chinese",22.16666666,113.55000000,ğŸ‡²ğŸ‡´
MG,Madagascar,MDG,MG,450,261,Antananarivo,MGA,Madagasikara,Malagasy,-20.00000000,47.00000000,ğŸ‡²ğŸ‡¬
MW,Malawi,MWI,MW,454,265,Lilongwe,MWK,Malawi,Malawian,-13.50000000,34.00000000,ğŸ‡²ğŸ‡¼
MY,Malaysia,MYS,MY,458,60,"Kuala Lumpur",MYR,Malaysia,Malaysian,2.50000000,112.50000000,ğŸ‡²ğŸ‡¾
MV,Maldives,MDV,MV,462,960,Male,MVR,Maldives,Maldivian,3.25000000,73.00000000,ğŸ‡²ğŸ‡»
ML,Mali,MLI,ML,466,223,Bamako,XOF,Mali,"Malian, Malinese",17.00000000,-4.00000000,ğŸ‡²ğŸ‡±
MT,Malta,MLT,MT,470,356,Valletta,EUR,Malta,Maltese,35.83333333,14.58333333,ğŸ‡²ğŸ‡¹
IM,Isle of Man,IMN,IM,833,44,"Douglas, Isle of Man",GBP,"Isle of Man",Manx,54.25000000,-4.50000000,ğŸ‡®ğŸ‡²
MH,"Marshall Islands",MHL,MH,584,692,Majuro,USD,MÌ§ajeÄ¼,Marshallese,9.00000000,168.00000000,ğŸ‡²ğŸ‡­
MQ,Martinique,MTQ,MQ,474,596,Fort-de-France,EUR,Martinique,"Martiniquais, Martinican",14.66666700,-61.00000000,ğŸ‡²ğŸ‡¶
MR,Mauritania,MRT,MR,478,222,Nouakchott,MRO,Ù…ÙˆØ±ÙŠØªØ§Ù†ÙŠØ§,Mauritanian,20.00000000,-12.00000000,ğŸ‡²ğŸ‡·
MU,Mauritius,MUS,MU,480,230,"Port Louis",MUR,Maurice,Mauritian,-20.28333333,57.55000000,ğŸ‡²ğŸ‡º
YT,Mayotte,MYT,YT,175,262,Mamoudzou,EUR,Mayotte,Mahoran,-12.83333333,45.16666666,ğŸ‡¾ğŸ‡¹
MX,Mexico,MEX,MX,484,52,"Ciudad de MÃ©xico",MXN,MÃ©xico,Mexican,23.00000000,-102.00000000,ğŸ‡²ğŸ‡½
FM,Micronesia,FSM,FM,583,691,Palikir,USD,Micronesia,Micronesian,6.91666666,158.25000000,ğŸ‡«ğŸ‡²
MD,Moldova,MDA,MD,498,373,Chisinau,MDL,Moldova,Moldovan,47.00000000,29.00000000,ğŸ‡²ğŸ‡©
MC,Monaco,MCO,MC,492,377,Monaco,EUR,Monaco,"Monegasque, Monacan",43.73333333,7.40000000,ğŸ‡²ğŸ‡¨
MN,Mongolia,MNG,MN,496,976,"Ulan Bator",MNT,"ĞœĞ¾Ğ½Ğ³Ğ¾Ğ» ÑƒĞ»Ñ",Mongolian,46.00000000,105.00000000,ğŸ‡²ğŸ‡³
ME,Montenegro,MNE,ME,499,382,Podgorica,EUR,"Ğ¦Ñ€Ğ½Ğ° Ğ“Ğ¾Ñ€Ğ°",Montenegrin,42.50000000,19.30000000,ğŸ‡²ğŸ‡ª
MS,Montserrat,MSR,MS,500,1,Plymouth,XCD,Montserrat,Montserratian,16.75000000,-62.20000000,ğŸ‡²ğŸ‡¸
MA,Morocco,MAR,MA,504,212,Rabat,MAD,Ø§Ù„Ù…ØºØ±Ø¨,Moroccan,32.00000000,-5.00000000,ğŸ‡²ğŸ‡¦
MZ,Mozambique,MOZ,MZ,508,258,Maputo,MZN,MoÃ§ambique,Mozambican,-18.25000000,35.00000000,ğŸ‡²ğŸ‡¿
MM,Myanmar,MMR,MM,104,95,"Nay Pyi Taw",MMK,á€™á€¼á€”á€ºá€™á€¬,Burmese,22.00000000,98.00000000,ğŸ‡²ğŸ‡²
NA,Namibia,NAM,NA,516,264,Windhoek,NAD,Namibia,Namibian,-22.00000000,17.00000000,ğŸ‡³ğŸ‡¦
NR,Nauru,NRU,NR,520,674,Yaren,AUD,Nauru,Nauruan,-0.53333333,166.91666666,ğŸ‡³ğŸ‡·
NP,Nepal,NPL,NP,524,977,Kathmandu,NPR,à¤¨à¤ªà¤²,"Nepali, Nepalese",28.00000000,84.00000000,ğŸ‡³ğŸ‡µ
NL,Netherlands,NLD,NL,528,31,Amsterdam,EUR,Nederland,"Dutch, Netherlandic",52.50000000,5.75000000,ğŸ‡³ğŸ‡±
NC,"New Caledonia",NCL,NC,540,687,Noumea,XPF,Nouvelle-CalÃ©donie,"New Caledonian",-21.50000000,165.50000000,ğŸ‡³ğŸ‡¨
NZ,"New Zealand",NZL,NZ,554,64,Wellington,NZD,"New Zealand","New Zealand, NZ",-41.00000000,174.00000000,ğŸ‡³ğŸ‡¿
NI,Nicaragua,NIC,NI,558,505,Managua,NIO,Nicaragua,Nicaraguan,13.00000000,-85.00000000,ğŸ‡³ğŸ‡®
NE,Niger,NER,NE,562,227,Niamey,XOF,Niger,Nigerien,16.00000000,8.00000000,ğŸ‡³ğŸ‡ª
NG,Nigeria,NGA,NG,566,234,Abuja,NGN,Nigeria,Nigerian,10.00000000,8.00000000,ğŸ‡³ğŸ‡¬
NU,Niue,NIU,NU,570,683,Alofi,NZD,NiuÄ“,Niuean,-19.03333333,-169.86666666,ğŸ‡³ğŸ‡º
NF,"Norfolk Island",NFK,NF,574,672,Kingston,AUD,"Norfolk Island","Norfolk Island",-29.03333333,167.95000000,ğŸ‡³ğŸ‡«
KP,"North Korea",PRK,KP,408,850,Pyongyang,KPW,ë¶í•œ,"North Korean",40.00000000,127.00000000,ğŸ‡°ğŸ‡µ
MK,"North Macedonia",MKD,MK,807,389,Skopje,MKD,"Ğ¡ĞµĞ²ĞµÑ€Ğ½Ğ° ĞœĞ°ĞºĞµĞ´Ğ¾Ğ½Ğ¸Ñ˜Ğ°",Macedonian,41.83333333,22.00000000,ğŸ‡²ğŸ‡°
MP,"Northern Mariana Islands",MNP,MP,580,1,Saipan,USD,"Northern Mariana Islands","Northern Marianan",15.20000000,145.75000000,ğŸ‡²ğŸ‡µ
NO,Norway,NOR,NO,578,47,Oslo,NOK,Norge,Norwegian,62.00000000,10.00000000,ğŸ‡³ğŸ‡´
OM,Oman,OMN,OM,512,968,Muscat,OMR,Ø¹Ù…Ø§Ù†,Omani,21.00000000,57.00000000,ğŸ‡´ğŸ‡²
PK,Pakistan,PAK,PK,586,92,Islamabad,PKR,Pakistan,Pakistani,30.00000000,70.00000000,ğŸ‡µğŸ‡°
PW,Palau,PLW,PW,585,680,Melekeok,USD,Palau,Palauan,7.50000000,134.50000000,ğŸ‡µğŸ‡¼
PS,"Palestinian Territory Occupied",PSE,PS,275,970,"East Jerusalem",ILS,ÙÙ„Ø³Ø·ÙŠÙ†,Palestinian,31.90000000,35.20000000,ğŸ‡µğŸ‡¸
PA,Panama,PAN,PA,591,507,"Panama City",PAB,PanamÃ¡,Panamanian,9.00000000,-80.00000000,ğŸ‡µğŸ‡¦
PG,"Papua new Guinea",PNG,PG,598,675,"Port Moresby",PGK,"Papua Niugini","Papua New Guinean, Papuan",-6.00000000,147.00000000,ğŸ‡µğŸ‡¬
PY,Paraguay,PRY,PY,600,595,Asuncion,PYG,Paraguay,Paraguayan,-23.00000000,-58.00000000,ğŸ‡µğŸ‡¾
PE,Peru,PER,PE,604,51,Lima,PEN,PerÃº,Peruvian,-10.00000000,-76.00000000,ğŸ‡µğŸ‡ª
PH,Philippines,PHL,PH,608,63,Manila,PHP,Pilipinas,"Philippine, Filipino",13.00000000,122.00000000,ğŸ‡µğŸ‡­
PN,"Pitcairn Island",PCN,PN,612,870,Adamstown,NZD,"Pitcairn Islands","Pitcairn Island",-25.06666666,-130.10000000,ğŸ‡µğŸ‡³
PL,Poland,POL,PL,616,48,Warsaw,PLN,Polska,Polish,52.00000000,20.00000000,ğŸ‡µğŸ‡±
PT,Portugal,PRT,PT,620,351,Lisbon,EUR,Portugal,Portuguese,39.50000000,-8.00000000,ğŸ‡µğŸ‡¹
PR,"Puerto Rico",PRI,PR,630,1,"San Juan",USD,"Puerto Rico","Puerto Rican",18.25000000,-66.50000000,ğŸ‡µğŸ‡·
QA,Qatar,QAT,QA,634,974,Doha,QAR,Ù‚Ø·Ø±,Qatari,25.50000000,51.25000000,ğŸ‡¶ğŸ‡¦
RE,Reunion,REU,RE,638,262,Saint-Denis,EUR,"La RÃ©union","Reunionese, Reunionnais",-21.15000000,55.50000000,ğŸ‡·ğŸ‡ª
RO,Romania,ROU,RO,642,40,Bucharest,RON,RomÃ¢nia,Romanian,46.00000000,25.00000000,ğŸ‡·ğŸ‡´
RU,Russia,RUS,RU,643,7,Moscow,RUB,Ğ Ğ¾ÑÑĞ¸Ñ,Russian,60.00000000,100.00000000,ğŸ‡·ğŸ‡º
RW,Rwanda,RWA,RW,646,250,Kigali,RWF,Rwanda,Rwandan,-2.00000000,30.00000000,ğŸ‡·ğŸ‡¼
SH,"Saint Helena",SHN,SH,654,290,Jamestown,SHP,"Saint Helena","Saint Helenian",-15.95000000,-5.70000000,ğŸ‡¸ğŸ‡­
KN,"Saint Kitts And Nevis",KNA,KN,659,1,Basseterre,XCD,"Saint Kitts and Nevis","Kittitian or Nevisian",17.33333333,-62.75000000,ğŸ‡°ğŸ‡³
LC,"Saint Lucia",LCA,LC,662,1,Castries,XCD,"Saint Lucia","Saint Lucian",13.88333333,-60.96666666,ğŸ‡±ğŸ‡¨
PM,"Saint Pierre and Miquelon",SPM,PM,666,508,Saint-Pierre,EUR,Saint-Pierre-et-Miquelon,"Saint-Pierrais or Miquelonnais",46.83333333,-56.33333333,ğŸ‡µğŸ‡²
VC,"Saint Vincent And The Grenadines",VCT,VC,670,1,Kingstown,XCD,"Saint Vincent and the Grenadines","Saint Vincentian, Vincentian",13.25000000,-61.20000000,ğŸ‡»ğŸ‡¨
BL,Saint-Barthelemy,BLM,BL,652,590,Gustavia,EUR,Saint-BarthÃ©lemy,Barthelemois,18.50000000,-63.41666666,ğŸ‡§ğŸ‡±
MF,"Saint-Martin (French part)",MAF,MF,663,590,Marigot,EUR,Saint-Martin,Saint-Martinoise,18.08333333,-63.95000000,ğŸ‡²ğŸ‡«
WS,Samoa,WSM,WS,882,685,Apia,WST,Samoa,Samoan,-13.58333333,-172.33333333,ğŸ‡¼ğŸ‡¸
SM,"San Marino",SMR,SM,674,378,"San Marino",EUR,"San Marino",Sammarinese,43.76666666,12.41666666,ğŸ‡¸ğŸ‡²
ST,"Sao Tome and Principe",STP,ST,678,239,"Sao Tome",STD,"SÃ£o TomÃ© e PrÃ­ncipe","Sao Tomean",1.00000000,7.00000000,ğŸ‡¸ğŸ‡¹
SA,"Saudi Arabia",SAU,SA,682,966,Riyadh,SAR,"Ø§Ù„Ù…Ù…Ù„ÙƒØ© Ø§Ù„Ø¹Ø±Ø¨ÙŠØ© Ø§Ù„Ø³Ø¹ÙˆØ¯ÙŠØ©","Saudi, Saudi Arabian",25.00000000,45.00000000,ğŸ‡¸ğŸ‡¦
SN,Senegal,SEN,SN,686,221,Dakar,XOF,SÃ©nÃ©gal,Senegalese,14.00000000,-14.00000000,ğŸ‡¸ğŸ‡³
RS,Serbia,SRB,RS,688,381,Belgrade,RSD,Ğ¡Ñ€Ğ±Ğ¸Ñ˜Ğ°,Serbian,44.00000000,21.00000000,ğŸ‡·ğŸ‡¸
SC,Seychelles,SYC,SC,690,248,Victoria,SCR,Seychelles,Seychellois,-4.58333333,55.66666666,ğŸ‡¸ğŸ‡¨
SL,"Sierra Leone",SLE,SL,694,232,Freetown,SLL,"Sierra Leone","Sierra Leonean",8.50000000,-11.50000000,ğŸ‡¸ğŸ‡±
SG,Singapore,SGP,SG,702,65,Singapur,SGD,Singapore,Singaporean,1.36666666,103.80000000,ğŸ‡¸ğŸ‡¬
SX,"Sint Maarten (Dutch part)",SXM,SX,534,1721,Philipsburg,ANG,"Sint Maarten","Sint Maarten",18.03333300,-63.05000000,ğŸ‡¸ğŸ‡½
SK,Slovakia,SVK,SK,703,421,Bratislava,EUR,Slovensko,Slovak,48.66666666,19.50000000,ğŸ‡¸ğŸ‡°
SI,Slovenia,SVN,SI,705,386,Ljubljana,EUR,Slovenija,"Slovenian, Slovene",46.11666666,14.81666666,ğŸ‡¸ğŸ‡®
SB,"Solomon Islands",SLB,SB,090,677,Honiara,SBD,"Solomon Islands","Solomon Island",-8.00000000,159.00000000,ğŸ‡¸ğŸ‡§
SO,Somalia,SOM,SO,706,252,Mogadishu,SOS,Soomaaliya,"Somali, Somalian",10.00000000,49.00000000,ğŸ‡¸ğŸ‡´
ZA,"South Africa",ZAF,ZA,710,27,Pretoria,ZAR,"South Africa","South African",-29.00000000,24.00000000,ğŸ‡¿ğŸ‡¦
GS,"South Georgia",SGS,GS,239,500,Grytviken,GBP,"South Georgia","South Georgia or South Sandwich Islands",-54.50000000,-37.00000000,ğŸ‡¬ğŸ‡¸
KR,"South Korea",KOR,KR,410,82,Seoul,KRW,ëŒ€í•œë¯¼êµ­,"South Korean",37.00000000,127.50000000,ğŸ‡°ğŸ‡·
SS,"South Sudan",SSD,SS,728,211,Juba,SSP,"South Sudan","South Sudanese",7.00000000,30.00000000,ğŸ‡¸ğŸ‡¸
ES,Spain,ESP,ES,724,34,Madrid,EUR,EspaÃ±a,Spanish,40.00000000,-4.00000000,ğŸ‡ªğŸ‡¸
LK,"Sri Lanka",LKA,LK,144,94,Colombo,LKR,"Å›rÄ« laá¹ƒkÄva","Sri Lankan",7.00000000,81.00000000,ğŸ‡±ğŸ‡°
SD,Sudan,SDN,SD,729,249,Khartoum,SDG,Ø§Ù„Ø³ÙˆØ¯Ø§Ù†,Sudanese,15.00000000,30.00000000,ğŸ‡¸ğŸ‡©
SR,Suriname,SUR,SR,740,597,Paramaribo,SRD,Suriname,Surinamese,4.00000000,-56.00000000,ğŸ‡¸ğŸ‡·
SJ,"Svalbard And Jan Mayen Islands",SJM,SJ,744,47,Longyearbyen,NOK,"Svalbard og Jan Mayen",Svalbard,78.00000000,20.00000000,ğŸ‡¸ğŸ‡¯
SZ,Swaziland,SWZ,SZ,748,268,Mbabane,SZL,Swaziland,Swazi,-26.50000000,31.50000000,ğŸ‡¸ğŸ‡¿
SE,Sweden,SWE,SE,752,46,Stockholm,SEK,Sverige,Swedish,62.00000000,15.00000000,ğŸ‡¸ğŸ‡ª
CH,Switzerland,CHE,CH,756,41,Bern,CHF,Schweiz,Swiss,47.00000000,8.00000000,ğŸ‡¨ğŸ‡­
SY,Syria,SYR,SY,760,963,Damascus,SYP,Ø³ÙˆØ±ÙŠØ§,Syrian,35.00000000,38.00000000,ğŸ‡¸ğŸ‡¾
TW,Taiwan,TWN,TW,158,886,Taipei,TWD,è‡ºç£,"Chinese, Taiwanese",23.50000000,121.00000000,ğŸ‡¹ğŸ‡¼
TJ,Tajikistan,TJK,TJ,762,992,Dushanbe,TJS,Ğ¢Ğ¾Ò·Ğ¸ĞºĞ¸ÑÑ‚Ğ¾Ğ½,Tajikistani,39.00000000,71.00000000,ğŸ‡¹ğŸ‡¯
TZ,Tanzania,TZA,TZ,834,255,Dodoma,TZS,Tanzania,Tanzanian,-6.00000000,35.00000000,ğŸ‡¹ğŸ‡¿
TH,Thailand,THA,TH,764,66,Bangkok,THB,à¸›à¸£à¸°à¹€à¸—à¸¨à¹„à¸—à¸¢,Thai,15.00000000,100.00000000,ğŸ‡¹ğŸ‡­
BS,"The Bahamas",BHS,BS,044,1,Nassau,BSD,Bahamas,Bahamian,24.25000000,-76.00000000,ğŸ‡§ğŸ‡¸
TG,Togo,TGO,TG,768,228,Lome,XOF,Togo,Togolese,8.00000000,1.16666666,ğŸ‡¹ğŸ‡¬
TK,Tokelau,TKL,TK,772,690,,NZD,Tokelau,Tokelauan,-9.00000000,-172.00000000,ğŸ‡¹ğŸ‡°
TO,Tonga,TON,TO,776,676,Nuku'alofa,TOP,Tonga,Tongan,-20.00000000,-175.00000000,ğŸ‡¹ğŸ‡´
TT,"Trinidad And Tobago",TTO,TT,780,1,"Port of Spain",TTD,"Trinidad and Tobago","Trinidadian or Tobagonian",11.00000000,-61.00000000,ğŸ‡¹ğŸ‡¹
TN,Tunisia,TUN,TN,788,216,Tunis,TND,ØªÙˆÙ†Ø³,Tunisian,34.00000000,9.00000000,ğŸ‡¹ğŸ‡³
TR,Turkey,TUR,TR,792,90,Ankara,TRY,TÃ¼rkiye,Turkish,39.00000000,35.00000000,ğŸ‡¹ğŸ‡·
TM,Turkmenistan,TKM,TM,795,993,Ashgabat,TMT,TÃ¼rkmenistan,Turkmen,40.00000000,60.00000000,ğŸ‡¹ğŸ‡²
TC,"Turks And Caicos Islands",TCA,TC,796,1,"Cockburn Town",USD,"Turks and Caicos Islands","Turks and Caicos Island",21.75000000,-71.58333333,ğŸ‡¹ğŸ‡¨
TV,Tuvalu,TUV,TV,798,688,Funafuti,AUD,Tuvalu,Tuvaluan,-8.00000000,178.00000000,ğŸ‡¹ğŸ‡»
UG,Uganda,UGA,UG,800,256,Kampala,UGX,Uganda,Ugandan,1.00000000,32.00000000,ğŸ‡ºğŸ‡¬
UA,Ukraine,UKR,UA,804,380,Kyiv,UAH,Ğ£ĞºÑ€Ğ°Ñ—Ğ½Ğ°,Ukrainian,49.00000000,32.00000000,ğŸ‡ºğŸ‡¦
AE,"United Arab Emirates",ARE,AE,784,971,"Abu Dhabi",AED,"Ø¯ÙˆÙ„Ø© Ø§Ù„Ø¥Ù…Ø§Ø±Ø§Øª Ø§Ù„Ø¹Ø±Ø¨ÙŠØ© Ø§Ù„Ù…ØªØ­Ø¯Ø©","Emirati, Emirian, Emiri",24.00000000,54.00000000,ğŸ‡¦ğŸ‡ª
GB,"United Kingdom",GBR,GB,826,44,London,GBP,"United Kingdom","British, UK",54.00000000,-2.00000000,ğŸ‡¬ğŸ‡§
US,"United States",USA,US,840,1,Washington,USD,"United States",American,38.00000000,-97.00000000,ğŸ‡ºğŸ‡¸
UM,"United States Minor Outlying Islands",UMI,UM,581,1,,USD,"United States Minor Outlying Islands",American,0.00000000,0.00000000,ğŸ‡ºğŸ‡²
UY,Uruguay,URY,UY,858,598,Montevideo,UYU,Uruguay,Uruguayan,-33.00000000,-56.00000000,ğŸ‡ºğŸ‡¾
UZ,Uzbekistan,UZB,UZ,860,998,Tashkent,UZS,Oâ€˜zbekiston,"Uzbekistani, Uzbek",41.00000000,64.00000000,ğŸ‡ºğŸ‡¿
VU,Vanuatu,VUT,VU,548,678,"Port Vila",VUV,Vanuatu,"Ni-Vanuatu, Vanuatuan",-16.00000000,167.00000000,ğŸ‡»ğŸ‡º
VA,"Vatican City State (Holy See)",VAT,VA,336,379,"Vatican City",EUR,Vaticano,Vatican,41.90000000,12.45000000,ğŸ‡»ğŸ‡¦
VE,Venezuela,VEN,VE,862,58,Caracas,VES,Venezuela,Venezuelan,8.00000000,-66.00000000,ğŸ‡»ğŸ‡ª
VN,Vietnam,VNM,VN,704,84,Hanoi,VND,"Viá»‡t Nam",Vietnamese,16.16666666,107.83333333,ğŸ‡»ğŸ‡³
VG,"Virgin Islands (British)",VGB,VG,092,1,"Road Town",USD,"British Virgin Islands","British Virgin Island",18.43138300,-64.62305000,ğŸ‡»ğŸ‡¬
VI,"Virgin Islands (US)",VIR,VI,850,1,"Charlotte Amalie",USD,"United States Virgin Islands","U.S. Virgin Island",18.34000000,-64.93000000,ğŸ‡»ğŸ‡®
WF,"Wallis And Futuna Islands",WLF,WF,876,681,"Mata Utu",XPF,"Wallis et Futuna","Wallis and Futuna, Wallisian or Futunan",-13.30000000,-176.20000000,ğŸ‡¼ğŸ‡«
EH,"Western Sahara",ESH,EH,732,212,El-Aaiun,MAD,"Ø§Ù„ØµØ­Ø±Ø§Ø¡ Ø§Ù„ØºØ±Ø¨ÙŠØ©","Sahrawi, Sahrawian, Sahraouian",24.50000000,-13.00000000,ğŸ‡ªğŸ‡­
YE,Yemen,YEM,YE,887,967,Sanaa,YER,Ø§Ù„ÙŠÙÙ…ÙÙ†,Yemeni,15.00000000,48.00000000,ğŸ‡¾ğŸ‡ª
ZM,Zambia,ZMB,ZM,894,260,Lusaka,ZMW,Zambia,Zambian,-15.00000000,30.00000000,ğŸ‡¿ğŸ‡²
ZW,Zimbabwe,ZWE,ZW,716,263,Harare,ZWL,Zimbabwe,Zimbabwean,-20.00000000,30.00000000,ğŸ‡¿ğŸ‡¼
